<configuration>
    <property name="LOG_FILE" value="${LOG_FILE:-logs/ailoc.log}" />

    <appender name="CONSOLE" class="ch.qos.logback.core.ConsoleAppender">
        <encoder>
            <pattern>%d{yyyy-MM-dd HH:mm:ss.SSS} [%thread] %-5level %logger{36} - [%X{requestId}] %msg%n</pattern>
        </encoder>
    </appender>

    <appender name="FILE" class="ch.qos.logback.core.rolling.RollingFileAppender">
        <file>${LOG_FILE}</file>
        <rollingPolicy class="ch.qos.logback.core.rolling.TimeBasedRollingPolicy">
            <fileNamePattern>${LOG_FILE}.%d{yyyy-MM-dd}.%i.gz</fileNamePattern>
            <timeBasedFileNamingAndTriggeringPolicy class="ch.qos.logback.core.rolling.SizeAndTimeBasedFNATP">
                <maxFileSize>10MB</maxFileSize>
            </timeBasedFileNamingAndTriggeringPolicy>
            <maxHistory>30</maxHistory>
        </rollingPolicy>
        <encoder>
            <pattern>%d{yyyy-MM-dd HH:mm:ss.SSS} [%thread] %-5level %logger{36} - [%X{requestId}] %msg%n</pattern>
        </encoder>
    </appender>

    <appender name="CONSOLE" class="ch.qos.logback.core.ConsoleAppender">
        <encoder>
            <pattern>%d{HH:mm:ss.SSS} [%thread] %-5level %logger{36} - %msg%n</pattern>
        </encoder>
    </appender>

    <appender name="LOGSTASH" class="net.logstash.logback.appender.LogstashTcpSocketAppender">
        <!-- Make destination configurable via env vars with defaults -->
        <destination>${LOGSTASH_HOST:-elk-logstash}:${LOGSTASH_PORT:-5000}</destination>
        <encoder class="net.logstash.logback.encoder.LogstashEncoder">
            <!-- Add a static JSON field `app_name`, configurable via APP_NAME env var -->
            <customFields>{"app_name":"spring-boot-app","environment":"development","framework":"spring"}</customFields>
            <!-- Include MDC keys so requestId is visible in the JSON sent to Logstash -->
            <includeMdcKeyName>requestId</includeMdcKeyName>
            <includeMdcKeyName>traceId</includeMdcKeyName>
            <includeMdcKeyName>spanId</includeMdcKeyName>
        </encoder>
    </appender>

    <root level="INFO">
        <appender-ref ref="CONSOLE" />
        <appender-ref ref="FILE" />
        <appender-ref ref="LOGSTASH" />
    </root>

    <logger name="http-client-outgoing" level="DEBUG" />
    <logger name="webclient-outgoing" level="DEBUG" />
    <logger name="com.epam.ailoc.assistant.Assistant" level="DEBUG" />
</configuration>
