<?xml version="1.0" encoding="UTF-8"?>
<configuration>
    <!-- Console Appender -->
    <appender name="CONSOLE" class="ch.qos.logback.core.ConsoleAppender">
        <encoder>
            <pattern>%d{yyyy-MM-dd HH:mm:ss.SSS} [%thread] %-5level %logger{36} - %msg%n</pattern>
        </encoder>
    </appender>

    <!-- Logstash TCP Appender -->
    <appender name="LOGSTASH" class="net.logstash.logback.appender.LogstashTcpSocketAppender">
        <destination>elk-logstash:5000</destination>
        <reconnectionDelay>10 seconds</reconnectionDelay>

        <encoder class="net.logstash.logback.encoder.LogstashEncoder">
            <customFields>{"app_name":"quarkus-app","environment":"development","framework":"quarkus"}</customFields>
            <!-- Include MDC keys so requestId is visible in the JSON sent to Logstash -->
            <includeMdcKeyName>requestId</includeMdcKeyName>
            <includeMdcKeyName>traceId</includeMdcKeyName>
            <includeMdcKeyName>spanId</includeMdcKeyName>
        </encoder>
    </appender>

    <!-- Root Logger -->
    <root level="INFO">
        <appender-ref ref="CONSOLE"/>
        <appender-ref ref="LOGSTASH"/>
    </root>

    <!-- Application specific logging -->
    <logger name="com.yourpackage" level="DEBUG"/>
    <logger name="io.quarkus" level="INFO"/>
</configuration>